,Unnamed: 0,ID,Address,Name,Employees,coordinates,Latitude,Longitude
0,0,1, 3666 21st St San Francisco CA 94114 USA, Madeira,8,"3666 21st St, San Francisco, California, 94114",37.756632001957215,-122.42941101194798
1,1,2, 735 Dolores St San Francisco CA 94119 USA, Bready Shop,15,"735 Dolores St, San Francisco, California, 94110",37.757828979640195,-122.4253730300932
2,2,3, 332 Hill St San Francisco California 94114 USA, Super River,25,"332 Hill St, San Francisco, California, 94114",37.75584498315857,-122.42881296315642
3,3,4, 3995 23rd St San Francisco CA 94114 USA, Ben's Shop,10,"3995 23rd St, San Francisco, California, 94114",37.75292099814533,-122.43170295955227
4,4,5,1056 Sanchez St San Francisco California USA,Sanchez,12,"1056 Sanchez St, San Francisco, California, 94114",37.75213200959942,-122.43000595943536
