{"user1": {"username": "user1", "password": "password1", "created": "2020-07-07 00:16:28.293901"}, "user2": {"username": "user2", "password": "password2", "created": "2020-07-07 00:28:07.315781"}, "12": {"username": "12", "password": "343", "created": "2022-08-30,15-25-01"}, "212": {"username": "212", "password": "33", "created": "2022-08-30,14-15-44"}, "WWW": {"username": "WWW", "password": "WW", "created": "2022-08-30,14-25-15"}, "2qw2q2w": {"username": "2qw2q2w", "password": "3w3", "created": "2022-08-30,15-18-09"}, "sa": {"username": "sa", "password": "lm", "created": "2022-08-30,15-26-38"}}